"variable","variable_comp","t-test_literal","p_t-test_literal","correlation_literal","p_correlation_literal","t-test_sentimental","p_t-test_sentimental","correlation_sentimental","p_correlation_sentimental"
"concreteness","valence","-4.58374002344588","5.29532634629646e-06","-0.0758475067581906","0.107311567412481","-31.8904344065631","1.59157838972753e-145","0.1140952233293","0.0152279988768665"
"concreteness","arousal","70.7543430460392","0","-0.425835274864712","2.45716838836543e-21","15.3004296651557","3.79248788196923e-46","-0.512662677592527","1.16480497151167e-31"
"concreteness","imageability","-6.68846574653275","4.00040506219489e-11","0.854319660412697","5.62167256758811e-130","-11.6372642871905","3.06869138353429e-29","0.895055637074237","6.36425248868658e-160"
"concreteness","token_length_mean","-22.2651840444522","7.50389102303905e-82","0.0795183237859762","0.0913006692250388","-32.3518659317646","2.77740821725485e-139","0.171090003663171","0.000257853985816608"
"concreteness","token_length_median","-10.1397771407807","2.86742924310933e-22","0.128991059005051","0.00602761236814751","-20.2546917133906","1.0572680359104e-69","0.171406849256788","0.000251036853295415"
"concreteness","token_length_std","37.1959274488072","1.50507077581981e-169","-0.0806952402901521","0.0865931446933691","21.7016281823321","1.08078613873457e-82","-0.0978129843088539","0.0376392989153527"
"concreteness","sentence_length_mean","-15.4982340010513","5.3473613559997e-44","-0.089418443371367","0.0574849934916059","-17.8754043393394","4.42817864508399e-55","-0.0735382427723499","0.118469551258298"
"concreteness","sentence_length_median","-15.3609634895438","2.1975349060437e-43","-0.0895923753253695","0.056999482037931","-17.517393286944","2.1118463484658e-53","-0.0724512345338706","0.124026348503226"
"concreteness","sentence_length_std","58.7021520971019","2.59008157907454e-241","-0.0718498374924363","0.127186637711928","43.6067628753763","1.43857266644132e-193","0.0108125108069228","0.818676709632704"
"concreteness","syllables_per_token_mean","101.25264789409","0","0.0598463994807277","0.20409628760095","54.8161550546069","1.78609280437488e-273","0.131590722424189","0.00507703655464671"
"concreteness","syllables_per_token_median","93.7081078143936","0","0.0694103430429746","0.14064984470029","53.0982499517638","9.5869228439908e-280","0.186926683369029","6.37698464682512e-05"
"concreteness","syllables_per_token_std","138.23401500068","0","-0.0615912973071822","0.191190891936339","86.6140606128657","0","-0.16858882227657","0.000318065857686864"
"concreteness","n_tokens","-25.9798147802294","2.46077533079104e-92","-0.221690889639753","1.94060786568586e-06","-28.1605293751983","9.7131154406112e-103","-0.0721747021136612","0.125471834055838"
"concreteness","n_unique_tokens","-26.2787744589397","6.96785110785074e-94","-0.239007419497711","2.71818994544751e-07","-28.3652494193799","8.34361487495302e-104","-0.0702031503085926","0.136159634339412"
"concreteness","proportion_unique_tokens","174.342744958721","0","0.0299868233045711","0.524837495680287","102.584366184633","5.59675636752945e-316","0.0932666606917494","0.0475120282012127"
"concreteness","n_characters","-49.5383907664056","1.34327230662486e-184","-0.208215193101514","8.06427656151457e-06","-48.0316668194652","1.50919338065333e-179","-0.0656713355569042","0.163368750843332"
"concreteness","n_sentences","89.7397252207996","0","-0.115275666731768","0.0141990538567509","56.6194301534821","7.69349563706053e-298","-0.025972113363107","0.581812855043852"
"concreteness","flesch_reading_ease","-2.28857159554133","0.0225656415802304","-0.0500340772290396","0.288481587350939","-5.96484934226483","4.95046165381787e-09","-0.127650055330727","0.00657795747794817"
"concreteness","flesch_kincaid_grade","-39.8667140716202","6.16555539206134e-152","0.0302076316156498","0.521788490995155","-33.887309871193","8.02671077554284e-128","0.117016597552694","0.0127931512961506"
"concreteness","gunning_fog","-43.4237734559996","1.60004705137009e-164","0.0192955983521378","0.682442640356635","-37.1562569597071","1.52584516197348e-140","0.153799176603802","0.00103697288294196"
"concreteness","automated_readability_index","-38.3050887098007","2.46355103619622e-145","0.0471711925131324","0.316994380180016","-33.6385791246835","2.02535337640832e-126","0.156366083023604","0.000850774890843156"
"concreteness","coleman_liau_index","-48.3787758676344","4.29369275531984e-182","0.0309865787099695","0.511105477512614","-41.548911167314","1.04199992114635e-157","0.120972683245227","0.010045670186401"
"concreteness","lix","-69.9752782740279","9.93854735794528e-245","0.0411751300438469","0.382476853715132","-54.2714262314771","3.56291511469479e-200","0.147304164435656","0.00168829998243341"
"concreteness","rix","18.8625002606771","5.17624087882535e-61","-0.0683020718642178","0.147115825897827","13.5147685542126","1.86235181334981e-36","-0.0244002479713136","0.604879065261339"
"concreteness","dependency_distance_mean","75.7547983478201","0","-0.0902798403970123","0.0551136595334852","41.9148448797661","6.84126530324301e-210","-0.160235768273942","0.000627720398461667"
"concreteness","dependency_distance_std","177.364455388162","0","-0.0703524911039273","0.135326297890397","113.26772341173","0","-0.00817036555158786","0.862473586113946"
"concreteness","prop_adjacent_dependency_relation_mean","190.533857839873","0","0.105450234150286","0.024964678663716","117.33397224974","0","0.185135926421131","7.51306394489565e-05"
"concreteness","prop_adjacent_dependency_relation_std","210.420771449616","0","-0.0777674579889284","0.0986809666846911","130.825717950036","0","-0.0302480047166701","0.521231987447158"
"valence","arousal","93.8412547518035","0","0.00742114762658302","0.874976072760665","60.9329780276898","6.4174483177707e-318","-0.0610691179787975","0.194988590565335"
"valence","imageability","-2.94198969004725","0.00334840835962131","0.0272770973820729","0.562980002277161","20.5617413748464","1.04928748944643e-76","0.157643429972833","0.000770115792964993"
"valence","token_length_mean","-20.9027609689641","9.76017383610308e-72","-0.055810514282255","0.236339687090377","-15.2502415519132","2.7360350529642e-44","-0.121947826492045","0.00945470056084727"
"valence","token_length_median","-8.59673093032816","1.06045764204014e-16","-0.0819237718600914","0.0818895903367138","-5.89380977455005","6.76084291079498e-09","-0.142802475617154","0.00234056116078703"
"valence","token_length_std","42.8051443849871","6.36731215034744e-183","0.0241813707294777","0.608123117516753","48.4068020521099","3.25165629256002e-220","0.0816832273166623","0.0827939077775314"
"valence","sentence_length_mean","-14.8414943595218","5.69047722254138e-41","-0.00995368533512615","0.832858003546753","-11.3796963025466","1.23852341589392e-26","0.121555507411319","0.00968863848936808"
"valence","sentence_length_median","-14.7063379740574","2.21943731500253e-40","-0.012585534749861","0.789590970962992","-11.0825148670026","1.75025689318643e-25","0.121139291731376","0.00994243429489689"
"valence","sentence_length_std","62.3342001409174","6.68558582692983e-239","-0.0422759302415218","0.369873273921202","62.9823929234016","1.64941055501067e-253","-0.0073163437125554","0.876727532100113"
"valence","syllables_per_token_mean","129.944809264225","0","0.0342842835548406","0.467171240547464","106.517740769514","0","-0.116073644898035","0.0135386012167582"
"valence","syllables_per_token_median","113.222479660663","0","-0.044480880376152","0.345412456108326","93.8456209591999","0","-0.100952793510346","0.0318867536076778"
"valence","syllables_per_token_std","178.340981166771","0","0.0726968352788611","0.122753437345255","152.355722978604","0","0.0287834874260237","0.541611882564917"
"valence","n_tokens","-25.4645272121685","1.26439106474389e-89","-0.0604796293884941","0.199341741979938","-23.0348268881868","1.30926148093943e-78","0.0532836881687502","0.258268478074289"
"valence","n_unique_tokens","-25.7132276522478","7.64332308569344e-91","-0.0741579868627964","0.115389637416777","-22.9876445911399","1.96163050988511e-78","0.0573829641428038","0.223374532055596"
"valence","proportion_unique_tokens","258.472216217965","0","-0.0363098589761333","0.441255647335201","198.418295907163","0","0.0172744798672187","0.714162969461607"
"valence","n_characters","-49.4467760820862","2.91770283693443e-184","-0.0826895548460015","0.0790637182818529","-47.1607702329136","1.64923860457107e-176","0.00460036540504706","0.922301697470482"
"valence","n_sentences","102.610790665562","0","-0.0588504497902895","0.211739787096792","94.0267823233813","0","-0.0841049166222518","0.074049102599867"
"valence","flesch_reading_ease","-2.19684931100319","0.028539126960649","-0.0339517238396882","0.471505035639544","-5.27673783856789","2.04645224946829e-07","0.106656701681923","0.0233447107424822"
"valence","flesch_kincaid_grade","-39.350585443166","6.91324429161029e-149","0.0320105908204153","0.497236701689527","-28.984210580202","1.00052178066866e-105","-0.0864375963983027","0.0663521057363671"
"valence","gunning_fog","-43.0151483567989","2.45559733094648e-162","0.0429225490851091","0.362591196893336","-33.4291411004022","1.19298418621643e-124","-0.12362214561957","0.00851178686268837"
"valence","automated_readability_index","-37.8310558801187","1.06151957228437e-142","-0.0623114681688115","0.186042641463953","-29.2329438594552","1.06680663336539e-106","-0.0879692142108024","0.0616650470793876"
"valence","coleman_liau_index","-47.9891090951431","5.33124615314062e-180","-0.0601613435163803","0.201721380690152","-37.8665663003483","8.95637487422602e-143","-0.0655334020480667","0.164256728266064"
"valence","lix","-69.7946850334813","4.75611725306872e-244","-0.0734937727897915","0.118692998841867","-52.8027334179364","2.30287963186802e-195","-0.159835418000284","0.000647986577315922"
"valence","rix","20.842403126879","1.89803118359893e-69","-0.0578084899898562","0.219954856271219","28.9969227048246","5.97415658869605e-111","0.0136455142243816","0.772338214210298"
"valence","dependency_distance_mean","86.9707525363646","0","-0.0354991078332485","0.451528715258267","73.6956040589846","0","0.0811470760699309","0.0848385815546418"
"valence","dependency_distance_std","232.816875706717","0","-0.0409619444824037","0.384947701815118","191.230076622268","0","-0.0402356502735227","0.39343829447179"
"valence","prop_adjacent_dependency_relation_mean","278.862424607765","0","0.075461784175661","0.109115319777683","216.465531822759","0","-0.0632107086687211","0.179758585327076"
"valence","prop_adjacent_dependency_relation_std","310.34635003885","0","-0.0873462588916835","0.0635373678084692","237.195296278621","0","-0.0262206986570346","0.578202862035347"
"arousal","imageability","-86.0491963801352","0","-0.219017541406492","2.59303284033056e-06","-30.976703877087","1.05655643935269e-138","-0.362030190819991","1.91530829599824e-15"
"arousal","token_length_mean","-61.9960542073193","7.85234281837351e-249","-0.163492931108216","0.000483396890847736","-43.5062109555486","2.53180861621278e-178","-0.245314920594364","1.27817632461151e-07"
"arousal","token_length_median","-38.4483279931589","3.283694619844e-151","-0.154472257725036","0.000984816815347437","-28.1679818288776","1.44600812377922e-105","-0.230235496779383","7.50005455919474e-07"
"arousal","token_length_std","-5.73614421552754","1.55355317091331e-08","-0.00806327884640583","0.864258556809522","12.8064699191002","1.97731142294966e-33","0.0345886156109623","0.463224666442188"
"arousal","sentence_length_mean","-26.7156763967378","1.74411577123576e-95","0.097521003617598","0.0382163975595388","-21.0681553914176","1.69183586659166e-69","0.0313421146230718","0.50626754084284"
"arousal","sentence_length_median","-26.5258283989251","1.28635717604825e-94","0.101886095371899","0.0303288577328355","-20.6735727150875","1.19714346524787e-67","0.0322074794553679","0.4945932155439"
"arousal","sentence_length_std","31.3507448456349","2.47820729348993e-120","0.0327910226477642","0.486802578857824","38.2649884959434","1.07976968093701e-153","-0.0223596530615101","0.635417396222712"
"arousal","syllables_per_token_mean","39.8482309322673","1.13149648937153e-200","-0.135140959951918","0.00399703421522137","52.9724663798881","5.47248779444795e-277","-0.181522424525779","0.000104104507028615"
"arousal","syllables_per_token_median","39.0762239434724","8.73320133383723e-187","-0.0508967175336355","0.280238950805739","48.98614336386","1.06699955929538e-236","-0.194471522638381","3.14255131413525e-05"
"arousal","syllables_per_token_std","84.3577978352081","0","-0.0213841893460922","0.650241249955114","98.3524137650269","0","0.0447857729560602","0.342112867240915"
"arousal","n_tokens","-35.1518918774775","7.20666914297619e-132","0.157722113870311","0.000765386368339708","-30.7221946743907","3.12279330263312e-113","0.0452813338968454","0.336792865903487"
"arousal","n_unique_tokens","-36.5569098235091","9.16685261063916e-138","0.159688235159256","0.000655588387881383","-31.066681511619","8.58222577597528e-115","0.047418030816331","0.314465807199106"
"arousal","proportion_unique_tokens","129.511340079034","0","-0.058384115959608","0.215388736926129","139.190128408028","0","-0.027930416293629","0.55366304617592"
"arousal","n_characters","-51.0091533644082","1.96658630157455e-189","0.0952770004934257","0.0429068457744215","-48.4399605170782","7.07075699798816e-181","0.00314003393113953","0.946921364385573"
"arousal","n_sentences","43.76974358182","4.21285094082238e-197","0.0449148710438782","0.340721825735922","52.7391812410002","2.54818044204081e-246","0.0242516596875885","0.607080499108438"
"arousal","flesch_reading_ease","-3.70164012194683","0.000240702501782947","0.126361201558097","0.00714891198410228","-6.28009568065487","7.96678321542001e-10","0.183432920777511","8.76824788608577e-05"
"arousal","flesch_kincaid_grade","-50.2079857535404","4.09074189827244e-188","-0.105410711594998","0.0250193487051963","-36.3705947961835","5.96787963965351e-137","-0.182168528219217","9.82516409513698e-05"
"arousal","gunning_fog","-51.1952945132099","8.47738620436055e-191","-0.103490643562975","0.0278026950653353","-39.0112917258142","4.15094124523024e-147","-0.182312453043753","9.69907308645425e-05"
"arousal","automated_readability_index","-47.3838572774155","3.42405974920557e-178","-0.131657923340614","0.00505436384220397","-35.8449685880374","1.14790375030977e-134","-0.249371779576657","7.78086370610765e-08"
"arousal","coleman_liau_index","-55.9349602379306","7.84815229584604e-206","-0.142364466745157","0.0024149784233073","-43.3980681676894","1.122464804058e-163","-0.229237984443958","8.3965017071059e-07"
"arousal","lix","-73.1580123499735","1.58670378648504e-252","-0.13980571068757","0.00289453606562926","-54.9761678098914","3.62739441048914e-202","-0.195429389135202","2.86688719328495e-05"
"arousal","rix","-5.13429924708235","4.10287674084914e-07","-0.0126459089860306","0.788605435213559","7.21172280935171","2.03908591683886e-12","-0.0562423080365167","0.232727770825219"
"arousal","dependency_distance_mean","28.7643688194044","3.56871268192591e-118","-0.0278535616436895","0.554755150015553","35.4070431322241","7.18889642504916e-154","0.0548749412015593","0.244300753844318"
"arousal","dependency_distance_std","133.108590561429","0","0.000408453225634123","0.993090574093432","138.862588070201","0","0.0429751092124607","0.362003234913971"
"arousal","prop_adjacent_dependency_relation_mean","152.626861242115","0","0.00615193871609255","0.896225377747979","161.019344845662","0","-0.108712132019229","0.0207938444497757"
"arousal","prop_adjacent_dependency_relation_std","181.966326172197","0","-0.0208619570479016","0.658235019735781","184.820988869051","0","0.0302054436928181","0.521818658060453"
"imageability","token_length_mean","-18.9512172431947","4.83807421842176e-63","-0.0193667621430157","0.681335497780238","-25.7458834398709","1.32000127464121e-100","0.046368269244395","0.32531107138277"
"imageability","token_length_median","-7.43299713325","4.33671459813387e-13","0.033869331374878","0.472582148695242","-14.6461832043484","2.06620114989457e-41","0.0853056534508464","0.0700008623042945"
"imageability","token_length_std","42.976637016851","4.79059451928715e-193","-0.10017469321435","0.0332373661555837","31.7669119210441","1.10395299858601e-141","-0.141473431472423","0.00257306610289097"
"imageability","sentence_length_mean","-14.387535540521","4.74018735492985e-39","-0.0962002085736009","0.0409214826323268","-15.2953640740884","3.49146922304081e-43","-0.0793753103196992","0.0918864192418117"
"imageability","sentence_length_median","-14.2549030608249","1.78381120400261e-38","-0.0953167520998857","0.0428197177059543","-14.9612984136194","1.08042233829385e-41","-0.0751367278113861","0.110653859728418"
"imageability","sentence_length_std","62.5044370621825","3.52870676801328e-247","-0.0780374431509054","0.0975129118280984","51.1169370790633","1.74084366566375e-221","0.00163130481257328","0.972409861924323"
"imageability","syllables_per_token_mean","118.856317176795","0","-0.0543606541958517","0.248756037927004","72.6931952383481","0","0.0141417470930898","0.764299097998951"
"imageability","syllables_per_token_median","106.99745592417","0","-0.0121370994583237","0.796921533083006","67.8160854017642","0","0.0804317800161515","0.0876296146814307"
"imageability","syllables_per_token_std","160.649437436767","0","-0.0962220577475966","0.0408754518961731","108.667354902829","0","-0.201486334928717","1.58780917304314e-05"
"imageability","n_tokens","-25.0832517334345","4.80137915225736e-88","-0.218470530453243","2.75023765228011e-06","-26.1215746657056","3.49952494727178e-93","-0.0805864109342923","0.0870200841976178"
"imageability","n_unique_tokens","-25.281192484988","4.46699121893773e-89","-0.234210978122601","4.7581515276368e-07","-26.2266831901253","9.27652507830532e-94","-0.0797731739026875","0.0902642810578966"
"imageability","proportion_unique_tokens","212.552784097009","0","0.0369903685271171","0.432736859724541","131.874046666465","0","0.0786673396318496","0.0948305600953156"
"imageability","n_characters","-49.3893188778718","4.38744823503947e-184","-0.246950813864827","1.04742044429846e-07","-47.6843137776881","2.43606477324792e-178","-0.119758280907936","0.0108273326981497"
"imageability","n_sentences","99.4437545561893","0","-0.110239904810539","0.0190581193864486","70.325982844076","0","-0.0397753139431167","0.398877823170475"
"imageability","flesch_reading_ease","-2.1432468989599","0.0326274136025494","0.0681830734212222","0.147823350238177","-5.69037996370835","2.28381783620248e-08","-0.0062279953369558","0.894949777700481"
"imageability","flesch_kincaid_grade","-38.8929421777078","1.33754450501837e-147","-0.0906561366887515","0.0541035652381987","-31.936552417801","4.04717395751667e-119","-0.00858106190595114","0.855634473629589"
"imageability","gunning_fog","-42.6796440746508","1.977417154336e-161","-0.0770934102493649","0.101645765347849","-35.6718166657465","2.81416785618312e-134","0.0360747452052772","0.444220966396033"
"imageability","automated_readability_index","-37.4380030357833","1.68167586608563e-141","-0.0588728574574736","0.211565580665142","-31.8848826981161","1.20358298756769e-118","0.0221867920949229","0.638033943467353"
"imageability","coleman_liau_index","-47.659549178421","3.08752912388625e-179","-0.076469011773082","0.104454839842824","-40.0822874271501","8.01931098717361e-152","-0.00283455566045164","0.952078594054299"
"imageability","lix","-69.6627505960113","8.11705120130479e-244","-0.029847513254682","0.526765808350573","-53.68575090927","2.88906620096039e-198","0.0421642687338737","0.371139890278412"
"imageability","rix","21.5402614280853","1.48463778528486e-73","-0.127574272712339","0.00661036233803522","19.5607858318253","2.00155732279012e-65","-0.09279513024042","0.0486501916097547"
"imageability","dependency_distance_mean","84.6613182204766","0","-0.136994045950247","0.00352014765540001","53.7408931815348","3.58432418506128e-270","-0.17611796311696","0.000167613378225354"
"imageability","dependency_distance_std","206.016251838101","0","-0.0807870637703062","0.0862342322001482","138.869895334699","0","-0.031059648281448","0.510109225830741"
"imageability","prop_adjacent_dependency_relation_mean","230.492492083736","0","0.0891342641887744","0.058285618783879","147.798011973623","0","0.170006958951014","0.000282485147084934"
"imageability","prop_adjacent_dependency_relation_std","254.440605586439","0","-0.0740196380158885","0.116071684474161","163.229759575156","0","-0.0493275256716639","0.295352950805649"
"token_length_mean","token_length_median","5.52780087960084","4.36949919790123e-08","0.802726244381528","4.41359529283905e-103","5.14937953713077","3.24824633306927e-07","0.869975407222881","2.84506253916215e-140"
"token_length_mean","token_length_std","46.28495368701","5.32376395087934e-237","0.519946070397854","1.14333943839782e-32","45.0381964237747","1.82473244828604e-224","0.309657850328131","1.68105998628697e-11"
"token_length_mean","sentence_length_mean","-8.50966668991372","1.87781901620988e-16","-0.301473242461796","5.96797989340472e-11","-5.7740136417081","1.29656046111041e-08","-0.331688576794341","4.54735780253037e-13"
"token_length_mean","sentence_length_median","-8.40825160195036","4.04242487892346e-16","-0.300859253779331","6.55264034193356e-11","-5.54525120426843","4.57449453439322e-08","-0.332358345690625","4.05574586252384e-13"
"token_length_mean","sentence_length_std","64.6461291400079","0","-0.180827737646609","0.000110762519212136","60.0749990190878","4.88750369047531e-316","-0.176837034149791","0.000157446868469161"
"token_length_mean","syllables_per_token_mean","79.4129076824461","1.39877400347616e-306","0.879334529688251","4.34265467472875e-147","66.551962652688","5.00928691865431e-269","0.910293285478471","1.77352685460954e-174"
"token_length_mean","syllables_per_token_median","79.1260760650894","0","0.665986538165358","2.9744590234499e-59","66.594540055189","4.63860234594601e-296","0.774508319257047","1.52178969765186e-91"
"token_length_mean","syllables_per_token_std","98.5676995947726","0","0.427828414763371","1.53163036710478e-21","84.0420039121561","2.66044474034796e-307","0.295118353253991","1.5535410893328e-10"
"token_length_mean","n_tokens","-20.0830322776152","4.1431790401341e-66","-0.427205110512323","1.77622093917231e-21","-18.2695186788108","8.49821629026234e-58","-0.435368104887317","2.48987350616782e-22"
"token_length_mean","n_unique_tokens","-19.6437053581149","2.47446974256955e-64","-0.41581021203519","2.5263381618375e-20","-17.9635687029305","1.81997030780425e-56","-0.430902672122493","7.34244767437048e-22"
"token_length_mean","proportion_unique_tokens","107.376933727226","0","0.280963155479562","1.20399860776438e-09","89.1437757007163","8.21319821293672e-289","0.21267684122225","5.08288139504781e-06"
"token_length_mean","n_characters","-48.6222886198723","1.02955861502125e-181","-0.146645125584637","0.00177201003518418","-46.4152930361692","3.2279459054001e-174","-0.127978932173181","0.00643897235587215"
"token_length_mean","n_sentences","81.2484744315915","0","-0.138388904147255","0.00319589265052569","69.3318844623495","3.40391467358785e-319","-0.0958762820421973","0.0416090665088832"
"token_length_mean","flesch_reading_ease","-1.42932234040651","0.153602213443742","-0.864887587717602","8.73149741529667e-137","-4.71883280335803","3.1673795931688e-06","-0.901584910109591","7.24074982528601e-166"
"token_length_mean","flesch_kincaid_grade","-32.9041625591502","5.01113646175796e-128","0.804564444118922","6.73913310868166e-104","-24.2677473677333","5.9977708626032e-87","0.861875048648099","8.69795093832231e-135"
"token_length_mean","gunning_fog","-38.2401355634183","2.75055650403724e-148","0.691523967547758","1.4847355520737e-65","-29.8917994620117","5.8729800300622e-112","0.777183081758907","1.45216702766601e-92"
"token_length_mean","automated_readability_index","-32.2672717911945","7.60616492152184e-124","0.923769194631028","1.05474086398212e-189","-25.0505620154339","3.82284691742697e-90","0.947272299965779","1.50746927071929e-224"
"token_length_mean","coleman_liau_index","-43.2917926021185","3.856461804411e-168","0.932334873208929","6.39759613427639e-201","-34.3006000549209","1.57314058600401e-131","0.937961166915758","4.02468487208266e-209"
"token_length_mean","lix","-67.8974523381556","1.0372977366269e-240","0.718469983671812","5.85848924547517e-73","-51.4807440550199","4.32730011648252e-192","0.824114983990979","3.73154797583817e-113"
"token_length_mean","rix","29.6227001964056","3.14534225785633e-128","0.149971163110653","0.00138526018712408","33.7765577464427","3.38846747771694e-159","0.223630294705365","1.5690675589649e-06"
"token_length_mean","dependency_distance_mean","71.970184198316","0","-0.10950380241502","0.0198779918962488","59.6189828318205","4.66267323862064e-291","-0.227430005833842","1.02898217648662e-06"
"token_length_mean","dependency_distance_std","117.424656824592","0","-0.130460440516829","0.00547236069064429","98.1063276794222","0","-0.111313335450979","0.0179153857160609"
"token_length_mean","prop_adjacent_dependency_relation_mean","115.682328666236","0","0.0166503465905987","0.724061832098427","97.0819585563339","5.87273053100617e-307","0.0857903238661353","0.0684189443410369"
"token_length_mean","prop_adjacent_dependency_relation_std","124.499365430568","0","-0.116389243857238","0.0132849531813771","103.783527266891","6.86233466922491e-318","-0.0861093590405606","0.0673937185530281"
"token_length_median","token_length_std","30.9064847004048","1.14675415482469e-134","0.145594176908489","0.00191339702212881","32.0873975004663","1.35440160042798e-140","0.0404976950052858","0.390361962761275"
"token_length_median","sentence_length_mean","-10.6854908032085","1.82015841262043e-24","-0.275445699267245","2.59391339285185e-09","-8.15177872717913","2.04854043462949e-15","-0.341435461987375","8.36781510812554e-14"
"token_length_median","sentence_length_median","-10.5798164977833","4.74621742774336e-24","-0.273903533295619","3.2048411677021e-09","-7.91108010366385","1.21634706406013e-14","-0.340323476385203","1.01811742074726e-13"
"token_length_median","sentence_length_std","50.7787292572878","1.61022470538374e-266","-0.183449807608523","8.75488512029892e-05","47.9044369515872","1.17511742182309e-247","-0.204454183981776","1.18090892720208e-05"
"token_length_median","syllables_per_token_mean","51.3375746038339","9.65907913983412e-203","0.709004696244311","2.91793860277346e-70","46.7548440345562","2.39058076733735e-188","0.797348967487513","9.6310026863504e-101"
"token_length_median","syllables_per_token_median","52.5290966149028","2.27288582188656e-217","0.778695477540334","3.79121637539831e-93","47.9874111056959","5.10537121892743e-205","0.810403654023114","1.50349171548306e-106"
"token_length_median","syllables_per_token_std","64.9767633744992","4.66995658608825e-245","0.110885949172091","0.0183629921852793","60.1536001960372","2.48649911559073e-230","0.074984111164689","0.111382082674298"
"token_length_median","n_tokens","-21.6708474828192","1.97394495262217e-75","-0.39662395474467","1.76566823260779e-18","-19.9817468998288","3.10149863044138e-67","-0.448580923858448","9.22658301951654e-24"
"token_length_median","n_unique_tokens","-21.3579808499585","1.40099521942082e-74","-0.382906571548044","3.11833242702728e-17","-19.7426546672298","2.69745128598423e-66","-0.442046275062354","4.79363003544635e-23"
"token_length_median","proportion_unique_tokens","69.4504332589039","2.47090186143905e-243","0.28418431979312","7.63127697395913e-10","62.9541575046819","1.19140649144093e-225","0.240177092983629","2.36698241882134e-07"
"token_length_median","n_characters","-48.9362915672693","4.97452024967891e-183","-0.175276335788936","0.000180293718549937","-46.7512212563108","1.29001706815219e-175","-0.195224552517261","2.92383791648824e-05"
"token_length_median","n_sentences","56.3434799870634","1.1068164406436e-249","-0.13244025541453","0.00479704842195679","50.8359932264683","2.26691505313484e-223","-0.113764475620466","0.0155277899236252"
"token_length_median","flesch_reading_ease","-1.76115054619317","0.0788872754349082","-0.693208361466581","5.40541386096737e-66","-5.00330817606894","8.07975221932108e-07","-0.784386683174995","2.1978000401991e-95"
"token_length_median","flesch_kincaid_grade","-34.2445669269235","8.69815980561117e-140","0.63718447024236","7.42534750602502e-53","-25.8188591834889","1.49401105215458e-96","0.739870965678095","1.73366975391071e-79"
"token_length_median","gunning_fog","-39.3521800047568","2.22631785927412e-157","0.65418264775195","1.51329277125879e-56","-31.1065245094363","2.17255423272059e-119","0.715280726296773","4.88562868322766e-72"
"token_length_median","automated_readability_index","-33.5681936564434","4.14790213825882e-134","0.728100974960574","8.06911063367959e-76","-26.4802840490041","8.21363362480876e-99","0.806144333166048","1.31864587227133e-104"
"token_length_median","coleman_liau_index","-44.3109338141269","2.85316085670206e-177","0.736278020801139","2.39608111941438e-78","-35.4594312813508","5.72406291121268e-139","0.794748942009801","1.22843966390801e-99"
"token_length_median","lix","-68.4361879318476","6.60705147583873e-244","0.755568481006642","1.06040145474501e-84","-52.0070882426492","1.46947242503376e-194","0.812321091097272","1.93312175726159e-107"
"token_length_median","rix","21.8509182785649","5.77462929009562e-85","0.191261336928243","4.26091034070033e-05","25.6991951598339","1.00735284734922e-109","0.199445350848838","1.94149370745449e-05"
"token_length_median","dependency_distance_mean","49.3208519703263","1.52286628890674e-220","-0.0806048179069198","0.0869477545642405","43.5736304821186","3.95579322562443e-197","-0.251712567891006","5.82005239719683e-08"
"token_length_median","dependency_distance_std","78.175447749715","2.29994409911678e-277","-0.112701137884007","0.0165269574647533","70.9494455073906","2.35815283162248e-258","-0.13548041505593","0.00390552740028876"
"token_length_median","prop_adjacent_dependency_relation_mean","75.4420640159798","5.12721349649607e-259","-0.0214545956027289","0.649166582749774","69.2315113926455","1.60401048573215e-243","0.134552769760114","0.00416019626041498"
"token_length_median","prop_adjacent_dependency_relation_std","81.6040727943675","1.20171093113861e-272","-0.0823860197065651","0.0801742111834454","74.3906354857418","8.81944724760498e-256","-0.130337313274784","0.00551705634750019"
"token_length_std","sentence_length_mean","-24.7773458342055","6.66486428909976e-89","-0.0969537969634444","0.0393589259565059","-23.8580593824064","9.95911667080259e-85","0.073146302456266","0.120450284262443"
"token_length_std","sentence_length_median","-24.6025882247823","4.90805911939685e-88","-0.0942248118418707","0.0452679246801522","-23.4503201090734","1.08321016030916e-82","0.066902194944731","0.155603903432941"
"token_length_std","sentence_length_std","30.715096425045","1.38107313489039e-134","-0.0239383378681415","0.611734214324656","25.4962341073748","7.84107970071852e-105","0.0959251706373593","0.0415046724633693"
"token_length_std","syllables_per_token_mean","26.7798063734098","7.50890574801116e-105","0.468722232100777","4.56692395942578e-26","18.3842059619361","3.64357560688257e-61","0.316099585636647","6.03072982648129e-12"
"token_length_std","syllables_per_token_median","28.9786232234963","3.48873082080299e-123","0.0957456146742826","0.0418891745548093","21.2061798466712","1.58174285194209e-79","0.0828033030330557","0.078650792395022"
"token_length_std","syllables_per_token_std","48.9587939092031","1.53792255315789e-208","0.77777840301637","8.57011639504951e-93","40.5275481738732","9.0892017997942e-173","0.809336566965986","4.6610291423222e-106"
"token_length_std","n_tokens","-33.5234009410743","4.54779596303968e-128","-0.096767646508637","0.0397401342052997","-32.8900716542335","1.85075197389111e-125","0.124818304729515","0.00789043585375725"
"token_length_std","n_unique_tokens","-34.6499071689353","7.00496801305418e-134","-0.0938812282391603","0.0460621763720155","-33.3124248770209","1.08851903968184e-127","0.128309488144809","0.00630193675183137"
"token_length_std","proportion_unique_tokens","57.2690511891743","6.68807151571102e-210","0.039664025492057","0.400199595990129","45.8739779443276","3.14394759618646e-172","-0.0364157162628087","0.439924244905423"
"token_length_std","n_characters","-50.8055166959413","6.37582404952332e-189","0.0911150795547935","0.0528925119135003","-48.8619969258991","1.82062385354664e-182","0.31903436447298","3.74927132839575e-12"
"token_length_std","n_sentences","35.1352855443744","3.23430815447831e-168","0.0355927741851391","0.450335019134854","25.9555252216674","7.54212140715964e-110","0.133033474534763","0.00460987558992246"
"token_length_std","flesch_reading_ease","-3.52282879080254","0.000470422436960013","-0.469189726737473","4.02045039438074e-26","-6.62561514018083","9.86575481003818e-11","-0.332811974269969","3.75273801399764e-13"
"token_length_std","flesch_kincaid_grade","-48.0546701217264","1.35391142808369e-187","0.451579346885642","4.28021811349025e-24","-38.395700298102","1.28852131200023e-148","0.355032597783569","7.12998594273463e-15"
"token_length_std","gunning_fog","-49.715826332645","5.40987196272067e-190","0.245576113607151","1.23829969753735e-07","-40.6202948152642","1.41090058452563e-155","0.163184722331373","0.000495599893402468"
"token_length_std","automated_readability_index","-45.6144098840183","7.09374645562925e-177","0.504326399039261","1.55105781958852e-30","-37.7140148568842","5.59524923434426e-145","0.353061312258373","1.02653300339898e-14"
"token_length_std","coleman_liau_index","-54.4656927471671","1.1848196077839e-205","0.537479151944005","3.38080729609144e-35","-44.9616134681121","5.88451655718856e-172","0.416063473150717","2.38418416548507e-20"
"token_length_std","lix","-72.6335761143154","2.4310437652723e-252","0.0932368740665146","0.0475832598963069","-55.6606121596122","7.81055523714633e-205","0.0527411330280458","0.263154682485602"
"token_length_std","rix","-1.87982104611061","0.0605668491786587","0.0363061791633801","0.441301970907799","-0.387318885557552","0.698635904132014","0.216051461907457","3.56148928737264e-06"
"token_length_std","dependency_distance_mean","24.8373872135783","3.82524970426862e-103","-0.0372026517803065","0.430098987478735","15.6586979932391","5.43475846073653e-49","0.0963556114048501","0.0405950374197525"
"token_length_std","dependency_distance_std","70.8456648429551","4.84462135189122e-279","0.00749896270479508","0.873676039012161","58.9345654522381","2.63853972999714e-241","0.0980210195863828","0.0372326412126733"
"token_length_std","prop_adjacent_dependency_relation_mean","67.3964257976168","1.71596582743629e-240","0.0152812604930155","0.745935485704883","56.835114374613","1.74107428050939e-210","-0.0554942933882698","0.239009787725415"
"token_length_std","prop_adjacent_dependency_relation_std","77.9611435655637","4.75857718132793e-265","0.0418543705563905","0.374669207393358","65.9715961032843","5.51549918423787e-235","0.118552371034214","0.0116563760286459"
"sentence_length_mean","sentence_length_median","0.0475601452705752","0.962077323770717","0.997201316328703","0","0.131831451508922","0.8951470115108","0.996551515979688","0"
"sentence_length_mean","sentence_length_std","36.4082646771943","2.36523550646239e-151","-0.182465043184106","9.56705439651047e-05","33.5386612723505","6.40120660871699e-137","-0.168718080697033","0.000314657362759356"
"sentence_length_mean","syllables_per_token_mean","31.9046627089787","1.36263079508871e-118","-0.274114082954245","3.11386649889963e-09","29.2786342850325","1.85898240520792e-107","-0.320233610141601","3.08279292272748e-12"
"sentence_length_mean","syllables_per_token_median","32.781242921775","3.58510588578599e-123","-0.177975400448388","0.000142527004795815","30.3396539058129","2.64679497564989e-113","-0.286977619652352","5.11460771165456e-10"
"sentence_length_mean","syllables_per_token_std","37.2546524091558","1.02433732869034e-140","-0.0832499240730585","0.0770463642183105","34.9145017916526","2.45163684187582e-131","0.0447983413887389","0.341977282585457"
"sentence_length_mean","n_tokens","-10.382988507457","6.96220344622296e-24","0.571811523912081","1.3300211200035e-40","-11.0411986685891","1.36315595050621e-26","0.602488656333422","5.32088466823617e-46"
"sentence_length_mean","n_unique_tokens","-9.01303435625605","1.1919806766486e-18","0.574146139597396","5.40637194018799e-41","-10.4406791348236","3.97702014655569e-24","0.597763428239273","3.94011358240686e-45"
"sentence_length_mean","proportion_unique_tokens","38.5144234509282","1.02238035476192e-144","-0.266946514744399","8.18606485520475e-09","35.6231212063551","3.43021831400242e-133","-0.250729637340254","6.57706962326755e-08"
"sentence_length_mean","n_characters","-47.0941572679913","2.20123549071397e-179","0.518136113274013","2.04627532934215e-32","-45.2698947548326","7.83582328821213e-173","0.534085319220943","1.0719786997807e-34"
"sentence_length_mean","n_sentences","35.082917546633","1.26640589736863e-134","-0.399390315003681","9.73397417441212e-19","31.921898078344","4.76696929634504e-121","-0.376817555713046","1.06892712757451e-16"
"sentence_length_mean","flesch_reading_ease","-0.31315510877561","0.754303118473147","0.153510723702612","0.00106009494676779","-4.07191353426134","5.48857474146495e-05","0.224599218210572","1.41000366600078e-06"
"sentence_length_mean","flesch_kincaid_grade","-19.0989735285761","1.8080849911268e-68","0.0720193401053476","0.126289661315602","-16.2546226232152","7.16388995267835e-52","-0.0417300149828333","0.37609124232705"
"sentence_length_mean","gunning_fog","-27.0751439536973","4.40638782581861e-115","0.0385950889390018","0.413028492840451","-23.3723129915376","2.69276155679103e-90","-0.091038143922032","0.0530939392140597"
"sentence_length_mean","automated_readability_index","-20.2392016426112","8.03359258752006e-75","0.0866411348300318","0.0657128717602756","-17.8218259464622","5.07186724267171e-60","-0.0119095709845974","0.80064781964279"
"sentence_length_mean","coleman_liau_index","-31.7103172451497","8.69025563570725e-143","-0.00790597746726034","0.866881778769655","-27.349216228057","3.09755936669431e-113","-0.0528044406303071","0.262581284858339"
"sentence_length_mean","lix","-63.1457318781221","1.1258330396409e-246","-0.0139255736358875","0.767798115519076","-49.0568334204458","2.1930744503929e-192","-0.121009110182969","0.010023017980832"
"sentence_length_mean","rix","22.3123903130901","1.32925631663837e-81","0.771798201224652","1.59197395428772e-90","22.3917736779206","1.57674014681652e-81","0.728516159378218","6.03572280083818e-76"
"sentence_length_mean","dependency_distance_mean","32.1553179682643","5.98985502587024e-122","0.742531005785778","2.41171520929426e-80","28.9392854777064","2.73140201257263e-108","0.769919202197491","7.95423295864685e-90"
"sentence_length_mean","dependency_distance_std","42.357553909474","3.2305073856807e-160","-0.26469907010648","1.10199107067743e-08","39.4506004526508","2.7581982847724e-149","-0.264703028701008","1.10141688165475e-08"
"sentence_length_mean","prop_adjacent_dependency_relation_mean","40.8734046468879","7.97172155874937e-154","0.0478580963963173","0.30999072165049","38.3287168756528","4.67717947559927e-144","-0.03234460327274","0.492756583133022"
"sentence_length_mean","prop_adjacent_dependency_relation_std","43.24761877468","1.36065613228629e-162","-0.328521735949212","7.78142875182506e-13","40.4961882726095","2.3510407501893e-152","-0.331380774492914","4.79240471210456e-13"
"sentence_length_median","sentence_length_std","36.196986790068","3.19278439706456e-150","-0.187434132340459","6.08580010304664e-05","33.0655630404369","2.1681832498237e-134","-0.184136302786728","8.22760584223441e-05"
"sentence_length_median","syllables_per_token_mean","31.6911507251855","1.15962113494053e-117","-0.274223122604103","3.06774252495285e-09","28.8033808903898","2.62210036793799e-105","-0.320202990274406","3.09827101562784e-12"
"sentence_length_median","syllables_per_token_median","32.565196081642","3.19016076360945e-122","-0.178610032436657","0.00013479616177221","29.8590032231132","4.28798256363149e-111","-0.283510812681977","8.39871059037799e-10"
"sentence_length_median","syllables_per_token_std","37.0162348689033","9.52148509387527e-140","-0.0809522485811294","0.0855915864515654","34.3812678584355","4.28647170874521e-129","0.0391135010706175","0.406776676692501"
"sentence_length_median","n_tokens","-10.4061876714934","5.57943551940711e-24","0.565244992738918","1.61023352906597e-39","-11.1137778523695","6.60576682853748e-27","0.589120300040186","1.40986605625048e-43"
"sentence_length_median","n_unique_tokens","-9.0393046220432","9.55332390635747e-19","0.568195636239478","5.28734179358278e-40","-10.5165974064771","1.92962369196089e-24","0.584434593162915","9.37793161503812e-43"
"sentence_length_median","proportion_unique_tokens","38.2686221538318","9.35360631258756e-144","-0.263736350503816","1.25059009378312e-08","35.0787632444107","5.67290922000641e-131","-0.245934163483411","1.18558038052383e-07"
"sentence_length_median","n_characters","-47.0992014628852","1.97536093896538e-179","0.510753707331932","2.12066740546775e-31","-45.2864514931344","5.93354348578555e-173","0.51808171093518","2.08227815611625e-32"
"sentence_length_median","n_sentences","34.8591898355248","1.24195152961136e-133","-0.40369122775787","3.81387875781745e-19","31.4286915978383","8.82050387978593e-119","-0.39387610309031","3.1725169593098e-18"
"sentence_length_median","flesch_reading_ease","-0.321575831654664","0.74791839738103","0.153981392306266","0.00102260734026892","-4.09071789034041","5.07597668449068e-05","0.224929121087746","1.35946245664423e-06"
"sentence_length_median","flesch_kincaid_grade","-19.103872749962","1.65973384352652e-68","0.070909050860728","0.132255195563432","-16.3070574274599","3.48872429684418e-52","-0.0427185087504236","0.364879330026221"
"sentence_length_median","gunning_fog","-27.0727665762924","3.81614144027545e-115","0.0391794511735044","0.405985402956228","-23.4063653512776","1.27631516978222e-90","-0.0900802233464347","0.0556558220567833"
"sentence_length_median","automated_readability_index","-20.2443517791048","7.10228283743183e-75","0.0861586099346384","0.0672365782723331","-17.8695002783894","2.45756809181912e-60","-0.0137907866831019","0.769982193048862"
"sentence_length_median","coleman_liau_index","-31.7021085035859","7.41046906378194e-143","-0.00835559828459705","0.859387698012281","-27.3735678284822","1.4314483431939e-113","-0.0542069548952291","0.250098462776623"
"sentence_length_median","lix","-63.1422794983566","7.59349442842683e-247","-0.0159577186400507","0.735101056333189","-49.0738395217279","1.23896180975119e-192","-0.120773718080975","0.0101702010542296"
"sentence_length_median","rix","22.1649326609148","9.26227998922605e-81","0.768737130665812","2.1713145016965e-89","22.0297849228433","1.68371855017583e-79","0.725577468011839","4.65854311820402e-75"
"sentence_length_median","dependency_distance_mean","31.9449104842929","5.50552588334558e-121","0.739730178893994","1.92314766437823e-79","28.4788352057723","4.4522966071724e-106","0.770721482972214","4.00964020295556e-90"
"sentence_length_median","dependency_distance_std","42.0952120934575","3.15171229652473e-159","-0.266230059064992","9.00246670717291e-09","38.8709433689451","5.308306578088e-147","-0.275112102521965","2.71564502280113e-09"
"sentence_length_median","prop_adjacent_dependency_relation_mean","40.6167316247467","7.48008029871951e-153","0.0443846685416425","0.34645785656812","37.7573808529954","8.2847261570131e-142","-0.0256117095313432","0.587065257528696"
"sentence_length_median","prop_adjacent_dependency_relation_std","42.9798550891711","1.29947008043468e-161","-0.324236623201109","1.59389217345667e-12","39.9028178472141","4.31032882443293e-150","-0.343950462612417","5.3540733278802e-14"
"sentence_length_std","syllables_per_token_mean","-17.6620040788541","7.78470071313766e-55","-0.13474616081646","0.00410589746456831","-16.2205156560795","1.50423753896596e-48","-0.199206758151613","1.98741295253466e-05"
"sentence_length_std","syllables_per_token_median","-14.6254015546197","2.73430838333636e-41","-0.148639146085643","0.00152973781277672","-12.343843975122","1.67786968389359e-31","-0.196779007174007","2.51711914561789e-05"
"sentence_length_std","syllables_per_token_std","-3.82556149980369","0.000146953912928702","-0.0110182880663775","0.815287404606124","-1.66731044963751","0.0960625122771075","0.0322426336107778","0.494122014389311"
"sentence_length_std","n_tokens","-43.1048407183904","5.38992600408222e-176","0.473736787801789","1.15201112828284e-26","-40.6491994317132","2.14693418734853e-164","0.470026507403263","3.19882850275099e-26"
"sentence_length_std","n_unique_tokens","-45.1187565270404","9.59876424251038e-188","0.452796269077277","3.12707084857321e-24","-41.3890726239549","1.12757719172536e-168","0.469364102301124","3.83360767186942e-26"
"sentence_length_std","proportion_unique_tokens","-0.934571502751987","0.350507958610973","-0.316736988043172","5.44162922006529e-12","-0.222395007211694","0.824106950485701","-0.151065234968042","0.00127609109211656"
"sentence_length_std","n_characters","-52.5285234908522","7.60845676444366e-195","0.447393402142869","1.24807801075783e-23","-50.2963348660013","1.57614633405387e-187","0.44470172768187","2.46447898646153e-23"
"sentence_length_std","n_sentences","-7.74343282607839","3.71150037106899e-14","0.603229947438651","3.8748396020544e-46","-7.858113456282","1.54671179260822e-14","0.623903857126739","3.95183221133885e-50"
"sentence_length_std","flesch_reading_ease","-5.21680231674123","2.77560836480405e-07","0.161833624798622","0.000552548697898439","-7.77468576653896","5.14961220424811e-14","0.222589565786526","1.75902805339386e-06"
"sentence_length_std","flesch_kincaid_grade","-58.0874826521556","5.61501281819397e-238","-0.204763300065781","1.14476376576681e-05","-45.7805086395313","1.54076313175766e-184","-0.260039577097287","2.02319669836483e-08"
"sentence_length_std","gunning_fog","-57.6982841662837","9.24157977758864e-226","-0.192909552856618","3.64658551511949e-05","-46.3994846233878","1.59127637346055e-181","-0.238127136795956","3.01505209479384e-07"
"sentence_length_std","automated_readability_index","-54.7670683134602","9.92906806013024e-221","-0.26222269045265","1.52422278466198e-08","-44.4526684080353","6.40899764394728e-177","-0.244741873222397","1.37004874096225e-07"
"sentence_length_std","coleman_liau_index","-62.1702983071831","2.50919674601477e-239","-0.216005262934273","3.57901219594499e-06","-50.6414521597199","8.76633896944052e-197","-0.198347003937959","2.1615766822354e-05"
"sentence_length_std","lix","-76.1581789343672","2.6966113667056e-263","-0.250748550741416","6.56164447060161e-08","-58.0400669255595","5.54223411710887e-213","-0.220784097570928","2.1419446959204e-06"
"sentence_length_std","rix","-24.6213173303108","4.66872386881179e-102","-0.272687569859926","3.78290516125014e-09","-20.1870889431304","8.96328843507115e-75","-0.254223503270567","4.24865802920371e-08"
"sentence_length_std","dependency_distance_mean","-14.8322725671218","3.8933805043598e-43","-0.239685674272009","2.50885966419106e-07","-14.4372991836186","9.84500330858205e-42","-0.25674991305672","3.08501233386254e-08"
"sentence_length_std","dependency_distance_std","9.47439374013346","1.15321686025409e-19","0.830963087870828","1.1319770424841e-116","10.3596417829754","6.64670162581907e-23","0.797702347628396","6.79431460463898e-101"
"sentence_length_std","prop_adjacent_dependency_relation_mean","5.38611848684495","1.15745357199947e-07","-0.140964820340096","0.00266747717799726","7.1981090780442","2.53514255351051e-12","-0.0726700029547494","0.122892008279861"
"sentence_length_std","prop_adjacent_dependency_relation_std","11.7239281579485","6.70159939687161e-28","0.512877905897341","1.08845716567625e-31","13.116613153447","1.53926501382706e-33","0.603850377615931","2.96962465465456e-46"
"syllables_per_token_mean","syllables_per_token_median","6.2032427585229","8.75251197740293e-10","0.705819699014436","2.23072854092282e-69","6.2592006257206","6.25539459560674e-10","0.818147393682217","3.27511528202229e-110"
"syllables_per_token_mean","syllables_per_token_std","41.0031648471576","1.1043720669271e-207","0.565873835287966","1.27121921361099e-39","36.7797092702695","3.08427251949789e-179","0.4188381937514","1.26001791971701e-20"
"syllables_per_token_mean","n_tokens","-39.384924134099","6.29736959697523e-149","-0.364509598356617","1.19283793142839e-15","-37.2273033641534","1.01006514111122e-140","-0.440877981590751","6.4118558268881e-23"
"syllables_per_token_mean","n_unique_tokens","-41.2918683055322","1.73857533707713e-156","-0.350379039275124","1.6787123028174e-14","-37.8992803560726","1.56565244517859e-143","-0.434910085091813","2.78401791084557e-22"
"syllables_per_token_mean","proportion_unique_tokens","66.5525977496936","4.70106070095379e-241","0.269667318847438","5.69081547721434e-09","52.0170579513436","6.0051347092359e-194","0.232472063442611","5.8118812009916e-07"
"syllables_per_token_mean","n_characters","-51.6940563214316","1.13979590814753e-191","-0.119377020774374","0.0110836107760426","-49.5298876915864","1.46964538739247e-184","-0.162286202966484","0.000532828530912585"
"syllables_per_token_mean","n_sentences","17.5714503633298","2.30752221239499e-57","-0.0885423076893074","0.0599830166976718","13.5332814286791","1.55047585550615e-37","-0.122679055813318","0.00903203869629539"
"syllables_per_token_mean","flesch_reading_ease","-4.36183613780089","1.59974276759289e-05","-0.992377618908289","0","-7.13695923020279","3.83457036303173e-12","-0.995059484475139","0"
"syllables_per_token_mean","flesch_kincaid_grade","-54.9411706684474","1.06090272889635e-203","0.939458365577607","1.96052676645494e-211","-42.6126075153004","1.67652040973536e-161","0.959876755260645","1.28344452159294e-250"
"syllables_per_token_mean","gunning_fog","-54.7670174400577","2.15943281532083e-202","0.781972359863531","1.99117400354558e-94","-43.7379069639153","4.21071882477748e-165","0.826651372838498","1.93616667891413e-114"
"syllables_per_token_mean","automated_readability_index","-51.5529835168911","1.96484875315512e-192","0.808680096354858","9.31620930014348e-106","-41.4395367005136","7.53837373514917e-157","0.856079964053206","4.50573361449447e-131"
"syllables_per_token_mean","coleman_liau_index","-59.4034520951162","2.03036976786289e-216","0.806891249748323","6.06606264733735e-105","-48.077526079574","1.84168950002688e-180","0.841333007098539","2.59410762234415e-122"
"syllables_per_token_mean","lix","-74.6296594549437","3.62193088432626e-256","0.643030110912621","4.24480611644948e-54","-56.8236895835273","7.20005812490002e-208","0.762296593860798","4.65607697197102e-87"
"syllables_per_token_mean","rix","-16.4858058518309","6.14790136140204e-49","0.116888153893585","0.0128925145328821","-11.5612671362088","1.1465495455626e-27","0.198592199287059","2.11048400191265e-05"
"syllables_per_token_mean","dependency_distance_mean","3.09045351840615","0.00207990912506795","-0.113615251258428","0.0156647335659702","0.464332096873584","0.642553950616456","-0.259665067727031","2.12336325492135e-08"
"syllables_per_token_mean","dependency_distance_std","84.8075509614001","0","-0.0803985880857654","0.0877608984448166","70.1524653096639","0","-0.148696042068209","0.00152329406495291"
"syllables_per_token_mean","prop_adjacent_dependency_relation_mean","89.3434647616082","4.58689559879592e-310","-0.0208491535932594","0.658431495871394","73.4832305922313","2.59886647426828e-268","0.139774584169734","0.00290086894651311"
"syllables_per_token_mean","prop_adjacent_dependency_relation_std","115.295358049825","0","-0.0692362113203242","0.141651104291822","92.7774267838414","6.80848435360905e-303","-0.101364564065658","0.0311911803243767"
"syllables_per_token_median","syllables_per_token_std","27.2108793083755","2.55833630773159e-115","0.0748932783321187","0.111817285195364","22.534299722148","1.29454392389674e-85","0.090982138658925","0.053240969521299"
"syllables_per_token_median","n_tokens","-40.1003146353419","1.73940209791973e-152","-0.270982367374033","4.76675984717789e-09","-38.0691152060458","3.38609142438572e-145","-0.413026769406116","4.75900049143266e-20"
"syllables_per_token_median","n_unique_tokens","-42.0711550888533","1.69912643617743e-160","-0.249823390971954","7.35863664700057e-08","-38.7719466433923","2.96712843003628e-148","-0.404158908308915","3.44159964983767e-19"
"syllables_per_token_median","proportion_unique_tokens","40.8896756505233","2.30167032845539e-155","0.26159782565348","1.65335385294013e-08","29.3209616823784","8.7581346041212e-107","0.24593227742943","1.18585232718545e-07"
"syllables_per_token_median","n_characters","-51.823533781978","4.04387318769282e-192","-0.0914184104936269","0.0521045441431738","-49.6914151768154","3.80645594104022e-185","-0.175940990282518","0.000170208208035397"
"syllables_per_token_median","n_sentences","11.5216714155914","1.36704636234401e-28","-0.107738532918355","0.0219702480741885","6.88746878293104","1.07406701648998e-11","-0.123127592552168","0.00878117649704411"
"syllables_per_token_median","flesch_reading_ease","-4.48981863836584","9.06286239064361e-06","-0.702425843302067","1.89138258353872e-68","-7.26787946227864","1.61979484885003e-12","-0.811487505231064","4.72930892993464e-107"
"syllables_per_token_median","flesch_kincaid_grade","-55.6743778238186","1.35628016398084e-207","0.668610937770428","7.15683796375762e-60","-43.4062408635476","1.02804593418015e-165","0.777926521869007","7.51436873065227e-93"
"syllables_per_token_median","gunning_fog","-55.3557035386688","3.91341938442511e-205","0.686777485778175","2.46677375649805e-64","-44.3671579308862","3.82078713745043e-168","0.736786648747611","1.65646533086013e-78"
"syllables_per_token_median","automated_readability_index","-52.227565469135","8.89486091379427e-196","0.624375838999459","3.1780773824897e-50","-42.169993457594","1.42506990214923e-160","0.72345266238313","2.00817248128663e-74"
"syllables_per_token_median","coleman_liau_index","-59.969766025945","5.03514973416883e-219","0.621638196237683","1.11898475773241e-49","-48.6922490097184","2.05686492637425e-183","0.702243408326014","2.11986461948354e-68"
"syllables_per_token_median","lix","-74.8915167578042","5.08100954731246e-257","0.636320653792893","1.12746170461851e-52","-57.0883645438594","7.82374441600954e-209","0.728617254201438","5.62328630420595e-76"
"syllables_per_token_median","rix","-18.3373062716349","1.69417106825379e-58","0.169601613199445","0.000292256060706592","-13.9560320171046","2.09285993499704e-38","0.20441365961809","1.18572718792426e-05"
"syllables_per_token_median","dependency_distance_mean","-1.65988918813323","0.0973186174839447","-0.0592795632663524","0.208421610465591","-4.28398485282531","2.04560262638108e-05","-0.257948791249013","2.64714733318987e-08"
"syllables_per_token_median","dependency_distance_std","61.47400817262","4.03572068639939e-289","-0.0844343809689353","0.0729197873009215","47.6246696408752","3.16332270545958e-216","-0.128915085614671","0.00605765058225423"
"syllables_per_token_median","prop_adjacent_dependency_relation_mean","58.09973731439","1.19817950211154e-218","-0.0487287062311652","0.301261454782073","45.1970692392782","8.84845313464425e-174","0.175762726003365","0.000172860009790096"
"syllables_per_token_median","prop_adjacent_dependency_relation_std","76.4127551728554","1.22128940342249e-263","-0.0817537420445143","0.0825279786785651","58.5097102973476","6.39542409800093e-215","-0.115472194935705","0.0140338190574667"
"syllables_per_token_std","n_tokens","-43.7493990360539","3.05747885141826e-165","-0.0752834086726498","0.10995749653762","-41.6919963619356","1.03608220215494e-157","0.0765147229412077","0.104247129393033"
"syllables_per_token_std","n_unique_tokens","-46.1810887468789","3.25812378884242e-174","-0.0657988176113425","0.162551268740046","-42.5946917202826","3.47291846197465e-161","0.0821466820970355","0.081058712965007"
"syllables_per_token_std","proportion_unique_tokens","12.5661689354131","1.90302879935055e-31","0.0726395302650554","0.123049526903631","5.67069843135571","2.51880487882259e-08","-0.00684822042283928","0.884557931136868"
"syllables_per_token_std","n_characters","-52.3954995566954","6.27936941102116e-194","0.0841326046360157","0.0739536503803035","-50.2674642602505","5.37274203232408e-187","0.251901694413777","5.6843812985209e-08"
"syllables_per_token_std","n_sentences","-8.67934915431607","3.16185207966465e-17","0.050466482984886","0.284329750621448","-12.3130212307944","1.44969827832308e-31","0.0976141392342706","0.0380315064070133"
"syllables_per_token_std","flesch_reading_ease","-5.03686741651627","6.85633806575754e-07","-0.570769361953245","1.98322063086672e-40","-7.71480336920681","7.84222235277379e-14","-0.43552008891748","2.39921431257716e-22"
"syllables_per_token_std","flesch_kincaid_grade","-59.8446372686928","2.61147766176031e-218","0.557220848646704","3.14677661242996e-38","-46.9040267940384","1.47935796473511e-176","0.454996556257322","1.76705985653035e-24"
"syllables_per_token_std","gunning_fog","-58.4549806890873","1.71179330337968e-213","0.260851003534128","1.82161131044919e-08","-46.9729305153504","2.24711645095864e-176","0.18423108320531","8.15720280088351e-05"
"syllables_per_token_std","automated_readability_index","-55.862102347994","6.0499476995095e-206","0.413581079009532","4.19711215269295e-20","-45.2759707215087","1.30371195742216e-170","0.328021804696156","8.46530412791164e-13"
"syllables_per_token_std","coleman_liau_index","-62.9867132818154","1.49041140045977e-226","0.43619091931081","2.03644630329504e-22","-51.2845184322381","6.27121553383338e-191","0.388038129079741","1.08206315212573e-17"
"syllables_per_token_std","lix","-76.1425381066176","8.94321010605489e-260","0.0776426222043566","0.0992248029833975","-58.0786149841929","1.39248709934972e-211","0.0835690864901031","0.0759161819745303"
"syllables_per_token_std","rix","-28.2071403250943","2.3253176223691e-104","0.024373684795969","0.605272354339896","-24.4632729197976","2.56583425095729e-87","0.189736938414192","4.91510358310134e-05"
"syllables_per_token_std","dependency_distance_mean","-23.1227470773031","1.01846955540733e-86","-0.0425835291095839","0.366397937705064","-23.3615930019089","2.69755891564456e-87","0.0725237727602702","0.123649330307289"
"syllables_per_token_std","dependency_distance_std","43.5567565129522","2.38900898065461e-222","0.0179485820473081","0.703525229734541","35.4815138998539","4.54434532317802e-172","0.0528432725327192","0.262229997435723"
"syllables_per_token_std","prop_adjacent_dependency_relation_mean","38.3338113694714","1.97264061220738e-152","0.0375409678645842","0.425914297350198","32.741531594701","4.63702713475821e-128","-0.0548524178367927","0.244494697576675"
"syllables_per_token_std","prop_adjacent_dependency_relation_std","65.7255488435156","1.05837809014677e-239","0.0414543953503067","0.37925483186862","55.6109856710158","5.57463505539515e-210","0.0891208977477783","0.0583235026125362"
"n_tokens","n_unique_tokens","1.86424443284815","0.0626161861185849","0.98601870821619","0","0.84046760906877","0.400869536913279","0.99459132639637","0"
"n_tokens","proportion_unique_tokens","44.7708959115754","4.36798248200524e-168","-0.549352270683931","5.37281987022055e-37","42.2453978195298","6.92428703186752e-159","-0.372351530239305","2.59583335066468e-16"
"n_tokens","n_characters","-44.7666500178918","2.01373881077169e-172","0.940164467377693","1.51791287678525e-212","-42.7323001275124","5.17443349009706e-165","0.92629671203511","7.16875749290617e-193"
"n_tokens","n_sentences","41.9854375945047","3.04006068116789e-161","0.447634118228702","1.17405469373584e-23","39.3285231013861","7.01766162113206e-151","0.431468761389255","6.40746242226832e-22"
"n_tokens","flesch_reading_ease","1.73894986243669","0.082694681516192","0.301261503579709","6.16361615442733e-11","-2.23663062799035","0.0257824428182441","0.390355357465104","6.6684025248348e-18"
"n_tokens","flesch_kincaid_grade","-7.22203605152274","1.09890873501366e-12","-0.174300563569295","0.000196118941013587","-4.97476839097877","7.82352819411862e-07","-0.286637472692013","5.37127307734291e-10"
"n_tokens","gunning_fog","-16.4747036932559","2.47014202539622e-53","-0.188203336394564","5.66823357126206e-05","-13.5508555329464","6.61632829999582e-38","-0.302511778351097","5.09278088697124e-11"
"n_tokens","automated_readability_index","-9.08311645152925","6.52976383531099e-19","-0.216705910457336","3.32190075543298e-06","-7.17015998008051","1.5848977823824e-12","-0.256820873744317","3.05725325492086e-08"
"n_tokens","coleman_liau_index","-21.0023497187551","1.62934426573062e-79","-0.241019391306339","2.14158429187989e-07","-17.3382394008923","1.35552255462125e-57","-0.244145627865719","1.47238705482812e-07"
"n_tokens","lix","-57.6144986326443","5.52810412198034e-237","-0.26678259544464","8.36627076559898e-09","-44.5505442061035","4.67796164255633e-180","-0.317121772631321","5.11362414784475e-12"
"n_tokens","rix","31.2900509015681","7.46783597880837e-126","0.314258422615662","8.10440038996697e-12","31.5770877808301","7.42071534579418e-126","0.308512779616864","2.01186415569775e-11"
"n_tokens","dependency_distance_mean","39.5873786281751","5.88089948096288e-152","0.362906321444321","1.62095549922551e-15","36.9528137636741","4.785310253771e-142","0.382098696374813","3.6775205634708e-17"
"n_tokens","dependency_distance_std","47.9096721729397","8.93550230596335e-180","0.350985484502476","1.50265678183154e-14","45.2817656882351","1.23144497136862e-170","0.334228435792518","2.94232142163266e-13"
"n_tokens","prop_adjacent_dependency_relation_mean","46.693224709401","6.6408340224384e-175","-0.0550957525640096","0.242405096127985","44.3856517809296","9.3350895939314e-167","-0.038439039865776","0.414921424626742"
"n_tokens","prop_adjacent_dependency_relation_std","48.6271918401066","1.68810497115855e-181","0.256922930522333","3.01775276907084e-08","46.0991221551056","8.56227119353544e-173","0.243013405829755","1.68736239923556e-07"
"n_unique_tokens","proportion_unique_tokens","47.3475907067291","3.90343017606042e-177","-0.410311687117584","8.77648551954542e-20","43.1856536885756","2.40073178632768e-162","-0.279942190662181","1.38951587020945e-09"
"n_unique_tokens","n_characters","-45.2796806686863","1.94608340844957e-173","0.936388657084689","9.37772941861242e-207","-42.977482661022","1.5176474837535e-165","0.925786145610441","3.19416307927983e-192"
"n_unique_tokens","n_sentences","44.138801386862","2.68825538768963e-170","0.4361301495919","2.06694567599944e-22","40.0876987233673","3.25479042949373e-154","0.429808791464067","9.54626109536979e-22"
"n_unique_tokens","flesch_reading_ease","1.35949062309444","0.174645469494256","0.286443144940924","5.52348505474227e-10","-2.3887274361229","0.0173047713907194","0.384711862200062","2.15343053850292e-17"
"n_unique_tokens","flesch_kincaid_grade","-9.64896665913682","4.94181201632914e-21","-0.158813513997515","0.000702498450104205","-5.9142196948881","4.74220082831756e-09","-0.281742032900115","1.07888491288914e-09"
"n_unique_tokens","gunning_fog","-18.9013535706973","1.20694728429761e-66","-0.173679499845128","0.000206859210503448","-14.4701595628851","2.50249850036976e-42","-0.299284084425568","8.31973363609262e-11"
"n_unique_tokens","automated_readability_index","-11.4241576342437","2.68894997246937e-28","-0.203862265906204","1.25317356683914e-05","-8.09079904790118","1.99187320819292e-15","-0.253692776145951","4.54215635612224e-08"
"n_unique_tokens","coleman_liau_index","-23.5674200992721","2.46377050884315e-94","-0.223009840152889","1.67980586942926e-06","-18.3127401545571","8.67203282156459e-63","-0.237896342609132","3.0979041759698e-07"
"n_unique_tokens","lix","-59.0781771577495","5.64112438594303e-237","-0.250174698829373","7.04556838742655e-08","-45.0235560858726","8.43787030482628e-181","-0.313634201709619","8.95438837344448e-12"
"n_unique_tokens","rix","31.9413600244918","1.87974281281104e-131","0.333629942996835","3.26136901220139e-13","31.8653198805801","3.78950192347136e-128","0.310259286050257","1.52922363787025e-11"
"n_unique_tokens","dependency_distance_mean","41.457691849173","3.90795431991549e-160","0.380985241177318","4.61272444598336e-17","37.5848676580698","4.9510588347203e-145","0.381672027771139","4.01149993163951e-17"
"n_unique_tokens","dependency_distance_std","50.844190714101","7.14640544403908e-190","0.348475227271552","2.37331391526009e-14","46.369533660483","1.4213729995101e-174","0.34116506133016","8.77724129570873e-14"
"n_unique_tokens","prop_adjacent_dependency_relation_mean","49.4996538032714","1.69903481780224e-184","-0.0613691544386663","0.192799806085784","45.4346636317772","1.65541372622357e-170","-0.0428898645742038","0.362957121380152"
"n_unique_tokens","prop_adjacent_dependency_relation_std","51.6669296510438","1.40155419906072e-191","0.246705998199934","1.07919632763668e-07","47.2361944267412","9.40060117980223e-177","0.245100642869321","1.31181220197164e-07"
"proportion_unique_tokens","n_characters","-52.545609994796","2.2095056015977e-194","-0.480860427401087","1.56510895451928e-27","-50.3435840696182","3.24297535064929e-187","-0.313329017600498","9.401040452986e-12"
"proportion_unique_tokens","n_sentences","-15.7943079909719","3.86350282744562e-45","-0.296333652615953","1.29613585822902e-10","-16.7437519606275","2.46160840359297e-49","-0.161236553470231","0.000579602137092689"
"proportion_unique_tokens","flesch_reading_ease","-5.1784760200627","3.37743138916021e-07","-0.242876883233806","1.71524155736561e-07","-7.77181943639212","5.279869253792e-14","-0.212849044842592","4.99214184880404e-06"
"proportion_unique_tokens","flesch_kincaid_grade","-61.0557376370448","3.37756896262927e-220","0.184563652210681","7.91463331541028e-05","-47.4443880791882","1.89667792743595e-177","0.170962529054148","0.000260645176265122"
"proportion_unique_tokens","gunning_fog","-59.3286674376359","3.51731475107533e-215","0.186198566682532","6.81782933701776e-05","-47.3582200504274","3.78888329420196e-177","0.166335420991593","0.000383308179816573"
"proportion_unique_tokens","automated_readability_index","-56.8972663288832","5.91218876792798e-208","0.18634950772235","6.72414398454892e-05","-45.7445270166101","1.58335273992149e-171","0.140260852374782","0.00280336013338118"
"proportion_unique_tokens","coleman_liau_index","-63.8399928080817","5.200179817511e-228","0.216259529721869","3.4835818176836e-06","-51.671823914771","1.43543182240908e-191","0.156318261105808","0.00085394108980294"
"proportion_unique_tokens","lix","-76.4813258977834","2.21384690077397e-260","0.230170105360269","7.55588964683095e-07","-58.2143348700112","7.12924604534209e-212","0.176353294897889","0.000164220293403335"
"proportion_unique_tokens","rix","-31.2153296268382","7.54205111825772e-115","-0.061211837454475","0.193945188614234","-26.3528732227678","2.34088027209354e-93","-0.086240346264514","0.0669764530822388"
"proportion_unique_tokens","dependency_distance_mean","-31.6574536952638","3.57655576352929e-117","-0.0904638621079013","0.0546177483367762","-28.1571293179499","1.5385095320875e-101","-0.137714643319508","0.00334908555099561"
"proportion_unique_tokens","dependency_distance_std","50.9429110328533","1.43368889434887e-195","-0.197400209343649","2.37009417742463e-05","47.4688672401768","9.27132317319093e-180","-0.0632741092699145","0.179321537366611"
"proportion_unique_tokens","prop_adjacent_dependency_relation_mean","89.3115307876732","0","-0.0108487863572927","0.818078977072953","98.8645422024677","0","-0.0264783477788329","0.574472360110352"
"proportion_unique_tokens","prop_adjacent_dependency_relation_std","247.640062340097","0","-0.215114645185298","3.93336157222401e-06","270.776784649051","0","-0.0777558792489141","0.0987313084593295"
"n_characters","n_sentences","52.155434841615","3.00929298781108e-193","0.458701384345785","6.69535276551331e-25","49.9148372558196","6.44577442148122e-186","0.461496823231146","3.19393028813818e-25"
"n_characters","flesch_reading_ease","32.7224949315676","2.19861607477192e-155","0.0562650782190095","0.232538389650486","24.979996820821","8.02921626121269e-104","0.110958973464784","0.0182858288276616"
"n_characters","flesch_kincaid_grade","43.3417471604692","3.15271779533485e-166","0.0608082101281569","0.196906647646825","41.5062638838309","1.30506052100427e-160","-0.0130633912146591","0.781799852281641"
"n_characters","gunning_fog","40.5022694976579","1.55840248683079e-157","0.0144303101639094","0.759635846708599","38.4803264322476","2.39614152211852e-151","-0.0685569027166868","0.145609372355556"
"n_characters","automated_readability_index","42.6962286451538","1.02090624115742e-164","0.0548796888551674","0.244259886586968","40.7334124066274","1.29987301622447e-158","0.0457573103975899","0.331733311970533"
"n_characters","coleman_liau_index","39.2616949325742","8.33332114640016e-153","0.0472034884851365","0.316662791667126","37.3858487179989","7.97170610365936e-147","0.0692702390106578","0.141455016788349"
"n_characters","lix","15.438371832126","6.54064624506759e-46","-0.0560164729555804","0.234611962822097","13.8261302054925","8.65601749023398e-39","-0.0684229238366898","0.146399925386034"
"n_characters","rix","50.6160059128599","7.91975622583489e-189","0.425137689015703","2.8970788077652e-21","48.7845449162639","1.26544162614054e-182","0.452789124338749","3.13285088847599e-24"
"n_characters","dependency_distance_mean","51.767125886597","5.38148783309968e-192","0.380455033496993","5.13668200512812e-17","49.5311370381914","1.12957884764658e-184","0.348367291247154","2.42019496304464e-14"
"n_characters","dependency_distance_std","53.0625569093332","4.69595279366509e-196","0.349182614771309","2.0873672170457e-14","50.8614743998059","6.04671624256686e-189","0.343334182960498","5.97539802420457e-14"
"n_characters","prop_adjacent_dependency_relation_mean","52.8555797673556","2.24694176358076e-195","-0.0657693092097465","0.162740218039925","50.7005707380502","2.14886132874608e-188","-0.0189434978837123","0.68793048981157"
"n_characters","prop_adjacent_dependency_relation_std","53.1660571737298","2.31194718284798e-196","0.253070903536096","4.91101654253446e-08","50.9846968954978","2.52004696359705e-189","0.251932117952129","5.66284395475727e-08"
"n_sentences","flesch_reading_ease","-4.81545926335297","2.00750538599315e-06","0.142156337794604","0.0024510903581448","-7.44564434535198","4.93409004253011e-13","0.165680359138246","0.000404493623777606"
"n_sentences","flesch_kincaid_grade","-57.6600922548843","8.97909170482236e-217","-0.234136794614732","4.79908466116352e-07","-44.6078842755657","6.62854659632593e-171","-0.240927797548328","2.16505488760399e-07"
"n_sentences","gunning_fog","-56.923063958465","1.10685088452798e-211","-0.236355615691447","3.70983814962967e-07","-45.2946485770206","6.09939773276819e-172","-0.20684094363923","9.27779777764348e-06"
"n_sentences","automated_readability_index","-54.0312731138777","8.96646187894823e-204","-0.305005393722286","3.47108666415095e-11","-43.2585376159562","3.16520729189438e-165","-0.229611571942696","8.04933811854723e-07"
"n_sentences","coleman_liau_index","-61.4827201380957","3.41913461890337e-225","-0.276299813126278","2.30588597239864e-09","-49.6061600105082","5.09890201042852e-187","-0.204889607200251","1.13029961005201e-05"
"n_sentences","lix","-75.5747918760101","4.52030030888268e-259","-0.25914658725116","2.26998953462763e-08","-57.4620592985137","4.71876534514251e-210","-0.199777271694772","1.87928507640725e-05"
"n_sentences","rix","-23.0658683278288","1.63124262607025e-84","-0.438345950824625","1.19972420953592e-22","-17.4011364770474","1.68837833264786e-55","-0.396687738778474","1.7417002765664e-18"
"n_sentences","dependency_distance_mean","-11.4865909481142","1.34532027657316e-28","-0.386775354760212","1.40643247028168e-17","-10.1361085836678","6.39945153947237e-23","-0.392977245857203","3.83828757729051e-18"
"n_sentences","dependency_distance_std","34.7594356587345","1.39590043282804e-146","0.651407060006096","6.29229493805209e-56","34.6407940861141","3.48299477620707e-147","0.665140422324624","4.69390182932114e-59"
"n_sentences","prop_adjacent_dependency_relation_mean","28.6906249323408","5.74429379248023e-105","-0.128336729716542","0.00629076100069897","30.9486898701325","2.61214186829252e-115","-0.0410187939984396","0.384287859486694"
"n_sentences","prop_adjacent_dependency_relation_std","41.8871836708538","2.10490968648009e-158","0.707972055535431","5.65964567712686e-70","42.6052278585497","2.68554518953686e-161","0.71482457173591","6.60135918943405e-72"
"flesch_reading_ease","flesch_kincaid_grade","-3.22850373041609","0.00133179607776175","-0.97452525604127","2.75464568364267e-294","1.30555401437288","0.192346123891581","-0.982974932869015","0"
"flesch_reading_ease","gunning_fog","-5.62456974615297","3.15781135860191e-08","-0.808424809653123","1.21865992609854e-105","-0.747168228622996","0.455327679056482","-0.840769207108743","5.3821758064839e-122"
"flesch_reading_ease","automated_readability_index","-3.7188286118735","0.000224132781295302","-0.842023830806629","1.05659805960416e-122","0.809589009660077","0.41858451379654","-0.879332665501984","4.35681290188828e-147"
"flesch_reading_ease","coleman_liau_index","-6.77444308972739","3.64151990499996e-11","-0.828070292355281","3.6219676566447e-115","-1.6000832752273","0.110236951877683","-0.859877895870537","1.73105738173783e-133"
"flesch_reading_ease","lix","-26.5055602896263","2.64215798708324e-104","-0.658931073885222","1.27605936753348e-57","-17.3893359503426","1.07645789956487e-55","-0.771431669254585","2.1814615155947e-90"
"flesch_reading_ease","rix","3.39906461454405","0.00073582064926263","-0.219003022792426","2.59709195847828e-06","6.60160398674064","1.14093361143013e-10","-0.280623924705362","1.2627968765059e-09"
"flesch_reading_ease","dependency_distance_mean","4.44181050289537","1.12325029925837e-05","0.0215903439283999","0.647096601859755","7.1474519311955","3.57718446807626e-12","0.186409548658309","6.68721668617884e-05"
"flesch_reading_ease","dependency_distance_std","5.67863027145282","2.43553452144217e-08","0.116528981657875","0.0131739891741634","8.1805532650278","2.90327403820936e-15","0.180692409856526","0.000112105267206543"
"flesch_reading_ease","prop_adjacent_dependency_relation_mean","5.47716539160198","7.19403358061217e-08","0.0152899223640456","0.745796431464408","8.05232751173251","7.29762968736698e-15","-0.140385206336959","0.00277890782808237"
"flesch_reading_ease","prop_adjacent_dependency_relation_std","5.77608022555275","1.42621476441079e-08","0.113237992038352","0.0160156784224558","8.27531308019195","1.46013377501663e-15","0.138994103697802","0.00306384068739598"
"flesch_kincaid_grade","gunning_fog","-10.7005795963244","3.90312027164095e-25","0.824757406619395","1.77172897819334e-113","-9.20022447133731","2.7712586986764e-19","0.844895556518829","2.40996502946385e-124"
"flesch_kincaid_grade","automated_readability_index","-2.41448379074286","0.0159589035251662","0.86957607634506","5.40837030759162e-140","-2.44482921520878","0.014684817050416","0.899355878788828","8.60507356799496e-164"
"flesch_kincaid_grade","coleman_liau_index","-15.5213985525939","7.26872659593273e-48","0.834032658133895","2.66178666828947e-118","-12.9616666391318","3.84941811503859e-35","0.871697404095777","1.73947008437044e-141"
"flesch_kincaid_grade","lix","-55.0546346463267","8.06073145025296e-223","0.661942808527066","2.59690289462468e-58","-42.4655519617027","1.82269495340434e-172","0.768150826496978","3.56512380925396e-89"
"flesch_kincaid_grade","rix","44.6017807373857","1.52289020276827e-192","0.396228013294058","1.92188013428054e-18","36.9909027194025","9.7623718527537e-151","0.425097549670615","2.9246294310833e-21"
"flesch_kincaid_grade","dependency_distance_mean","54.9707018988971","2.2885060783042e-208","0.146738222004113","0.00175995882811572","42.3141603307309","3.28102984246407e-163","-0.0459565742265221","0.329629786216364"
"flesch_kincaid_grade","dependency_distance_std","64.5238823018519","3.11443167130129e-231","-0.177698771555589","0.000146025387643946","50.35260440152","4.71539017513563e-188","-0.235180032492482","4.25332758054821e-07"
"flesch_kincaid_grade","prop_adjacent_dependency_relation_mean","63.2084112176972","2.36080789376517e-226","-0.00457088896321779","0.92279798621995","49.4981442413913","1.75340261778397e-184","0.137841616386987","0.00331973747251338"
"flesch_kincaid_grade","prop_adjacent_dependency_relation_std","65.3801599506239","3.02686369725679e-232","-0.188862659828993","5.33199143800621e-05","51.143218708165","7.15521557674599e-190","-0.204998292003016","1.11799283175415e-05"
"gunning_fog","automated_readability_index","8.08399606098601","2.06173662364607e-15","0.738041162059716","6.63992055169875e-79","6.69554015983172","3.83271718523919e-11","0.792840161760097","7.77940754987179e-99"
"gunning_fog","coleman_liau_index","-4.46047628138996","9.21062598870668e-06","0.716169738312288","2.71287431197423e-72","-3.38744780615486","0.000735981409775204","0.752259128669148","1.43578450127383e-83"
"gunning_fog","lix","-48.218141770612","2.35018520377793e-208","0.764845717278354","5.67882197433666e-88","-37.0638040183889","1.32173969114982e-155","0.803829359410475","1.43229638281353e-103"
"gunning_fog","rix","47.4550095650213","3.72759175937239e-194","0.432297159845442","5.24710464685245e-22","39.7224733674703","1.69710918104081e-157","0.382449976426012","3.42319967651474e-17"
"gunning_fog","dependency_distance_mean","54.8917724101869","2.14946140938527e-205","0.124400228909123","0.00810284625581154","43.57592291656","3.22857462718464e-166","-0.0906046414247827","0.0542408781775387"
"gunning_fog","dependency_distance_std","61.9699604093427","1.69698144425968e-223","-0.16317871112379","0.000495840718495828","49.5735304966191","4.14846773192625e-185","-0.204742414468907","1.14717239777599e-05"
"gunning_fog","prop_adjacent_dependency_relation_mean","60.950149560008","6.41981198536558e-220","0.000336559144158718","0.994306717088217","48.9108043194205","1.77630426060482e-182","0.177537459856755","0.00014810244624306"
"gunning_fog","prop_adjacent_dependency_relation_std","62.58233756325","1.65320680410686e-224","-0.159958445147747","0.000641695156502893","50.1519923080682","1.34582547319196e-186","-0.185772434749621","7.08900611566299e-05"
"automated_readability_index","coleman_liau_index","-12.729306599908","3.60370236175944e-34","0.970976343357579","1.02416973981014e-281","-10.3162259697425","1.26237265032529e-23","0.976240548921519","5.15982936955313e-301"
"automated_readability_index","lix","-53.2982472587391","1.20640340445504e-221","0.745101565726614","3.50253649113383e-81","-41.027912002578","4.19449726877505e-169","0.8324049527657","1.96302766035885e-117"
"automated_readability_index","rix","42.8979950189605","3.85651635841313e-180","0.466679536143774","7.95191472763447e-26","36.5765355913512","1.11181891409487e-146","0.484479547364412","5.57526318425704e-28"
"automated_readability_index","dependency_distance_mean","51.6627294067338","4.58582674654357e-196","0.183811921627755","8.4729126797037e-05","41.2158297146203","3.50384374400129e-158","0.0204487232470479","0.664588127581238"
"automated_readability_index","dependency_distance_std","59.971129600416","5.34025928618306e-218","-0.242624477405471","1.7679583661077e-07","48.359796747259","3.51215480346304e-181","-0.207893207085596","8.3342368635614e-06"
"automated_readability_index","prop_adjacent_dependency_relation_mean","58.7913822978528","1.15637857441558e-213","0.0366186753559391","0.437377996280809","47.5837254702606","5.61592448643117e-178","0.0799458898565335","0.0895672838540982"
"automated_readability_index","prop_adjacent_dependency_relation_std","60.6994415393514","3.63762314068939e-219","-0.253555641571445","4.62112192166977e-08","49.0553417174466","6.08392320081e-183","-0.203826316986111","1.25769522016127e-05"
"coleman_liau_index","lix","-45.5894753416964","3.39305158851511e-198","0.731095716793159","9.81783783779435e-77","-35.2720413206841","3.74318848212327e-147","0.793805424390962","3.0665095259333e-99"
"coleman_liau_index","rix","52.1596320994911","2.97345400049006e-211","0.417931596621593","1.55293512751458e-20","43.996061003149","1.02672463629477e-174","0.46515723561082","1.19925206030181e-25"
"coleman_liau_index","dependency_distance_mean","59.5083776077304","1.8571565355073e-219","0.149086675875916","0.00147972140518454","47.8971529419045","9.00133465404242e-182","0.016371565149533","0.728498373466607"
"coleman_liau_index","dependency_distance_std","66.4020256922048","1.04269231354e-235","-0.214724342078838","4.0989970108619e-06","53.8617264281461","4.66197599059325e-199","-0.171836189754151","0.000242067866188838"
"coleman_liau_index","prop_adjacent_dependency_relation_mean","65.4146402863581","2.31722760127238e-232","0.0222196656928061","0.637535997683505","53.2091606405142","1.51349911562273e-196","0.046390504560072","0.325078869985008"
"coleman_liau_index","prop_adjacent_dependency_relation_std","67.0000822915106","1.42228527771924e-236","-0.239087671414575","2.69257151356237e-07","54.4387161671467","2.17258919811259e-200","-0.193710104129265","3.37939656530021e-05"
"lix","rix","71.9390269762288","2.56093258097139e-254","0.52899812661963","5.90006845901344e-34","55.4469464282776","1.32733584645016e-205","0.484521202534876","5.50902361544004e-28"
"lix","dependency_distance_mean","74.7377059752369","4.58030997001316e-257","0.130859741013167","0.00532964550257293","56.8038878193748","3.44490398224305e-208","-0.0889765152718931","0.0587340195604656"
"lix","dependency_distance_std","77.582327462384","3.88174703836711e-263","-0.201097913288247","1.65001468358473e-05","59.0884641982168","1.53554146176069e-214","-0.181598211913637","0.000103401370833076"
"lix","prop_adjacent_dependency_relation_mean","77.1479913405573","5.71047892072368e-262","-0.0137645195649854","0.770408035828524","58.8198540973159","1.13304472758034e-213","0.14544948050023","0.00193365223914353"
"lix","prop_adjacent_dependency_relation_std","77.8171515350579","1.55616074235973e-263","-0.202050683147385","1.50138643084961e-05","59.3024357291506","4.38534750507535e-215","-0.168995010890116","0.000307469225215169"
"rix","dependency_distance_mean","16.9277040486375","8.6140672459876e-53","0.695047435687978","1.77925761984644e-66","10.9611816432443","8.23445584573735e-26","0.580452642875875","4.58154674245473e-42"
"rix","dependency_distance_std","39.471005033833","2.17167012835455e-152","-0.310360427313459","1.50504032458546e-11","34.9709953301721","1.14453107561405e-134","-0.30251614808736","5.08937703158666e-11"
"rix","prop_adjacent_dependency_relation_mean","36.4415941685095","8.45473209063254e-137","0.0254686892978601","0.589155633980818","32.6526672782576","2.9859518899924e-121","0.0420905603188627","0.371977459229578"
"rix","prop_adjacent_dependency_relation_std","41.7315197195307","4.17308855345198e-157","-0.359540237698799","3.06886714599936e-15","37.7377609208445","8.11441805647039e-142","-0.340508893730884","9.85410784551326e-14"
"dependency_distance_mean","dependency_distance_std","49.2251503331101","1.73506922870239e-213","-0.260314974349375","1.95247202330791e-08","43.5389419116523","1.85402832929262e-185","-0.25242318258907","5.32592312584467e-08"
"dependency_distance_mean","prop_adjacent_dependency_relation_mean","44.2974675839476","6.08409305313985e-169","-0.289012624950015","3.81060202851658e-10","40.5834844378078","8.55165913357758e-155","-0.340647251906938","9.61677872110095e-14"
"dependency_distance_mean","prop_adjacent_dependency_relation_std","57.3833039447743","1.08930025306013e-210","-0.324405319174411","1.5498599145275e-12","50.838860299262","6.17947721011165e-190","-0.349359637316477","2.02126813663513e-14"
"dependency_distance_std","prop_adjacent_dependency_relation_mean","-19.9919936044523","1.12144990559751e-66","-0.223248917422771","1.63627676633207e-06","-14.3180903373178","1.24076284604248e-39","-0.164897508385481","0.000431240718452932"
"dependency_distance_std","prop_adjacent_dependency_relation_std","9.89731754038895","3.88711992216394e-21","0.661701862375965","2.95165585028733e-58","10.8403019990767","1.18112885249009e-24","0.703802694825571","7.97551924047569e-69"
"prop_adjacent_dependency_relation_mean","prop_adjacent_dependency_relation_std","89.5985552472887","0","-0.280321531190515","1.31755494291774e-09","71.4109475340247","0","-0.177483103189392","0.000148808568315424"
